{"cameraMode":{"drawMode":0,"name":"Shaded","section":"Shading Mode"},"sceneLighting":true,"audioPlay":false,"sceneViewState":{"m_AlwaysRefresh":false,"showFog":true,"showSkybox":true,"showFlares":true,"showImageEffects":true,"showParticleSystems":true,"showVisualEffectGraphs":true,"m_FxEnabled":false},"in2DMode":false,"pivot":{"x":-0.3045256435871124,"y":-2.1610617637634279,"z":0.7478959560394287},"rotation":{"x":-0.5784643888473511,"y":0.002872876124456525,"z":-0.0021731385495513679,"w":-0.8157682418823242},"size":3.429081916809082,"orthographic":false}