{"cameraMode":{"drawMode":0,"name":"Shaded","section":"Shading Mode"},"sceneLighting":false,"audioPlay":false,"sceneViewState":{"m_AlwaysRefresh":false,"showFog":true,"showSkybox":false,"showFlares":true,"showImageEffects":true,"showParticleSystems":true,"showVisualEffectGraphs":true,"m_FxEnabled":true},"in2DMode":false,"pivot":{"x":-0.005684018135070801,"y":1.0377494096755982,"z":-0.04450494050979614},"rotation":{"x":0.08053362369537354,"y":0.7041040062904358,"z":-0.08080275356769562,"w":0.7011423110961914},"size":1.338534951210022,"orthographic":false}