{"cameraMode":{"drawMode":0,"name":"Shaded","section":"Shading Mode"},"sceneLighting":false,"audioPlay":false,"sceneViewState":{"m_AlwaysRefresh":false,"showFog":true,"showSkybox":false,"showFlares":true,"showImageEffects":true,"showParticleSystems":true,"showVisualEffectGraphs":true,"m_FxEnabled":true},"in2DMode":false,"pivot":{"x":2.281503915786743,"y":2.0762147903442385,"z":9.598871231079102},"rotation":{"x":-0.34691402316093447,"y":-0.026317374780774118,"z":0.010322103276848793,"w":-0.9378559589385986},"size":3.820749044418335,"orthographic":false}