{"cameraMode":{"drawMode":0,"name":"Shaded","section":"Shading Mode"},"sceneLighting":false,"audioPlay":false,"sceneViewState":{"m_AlwaysRefresh":false,"showFog":true,"showSkybox":false,"showFlares":true,"showImageEffects":true,"showParticleSystems":true,"showVisualEffectGraphs":true,"m_FxEnabled":true},"in2DMode":false,"pivot":{"x":3.9999773502349855,"y":0.0023352503776550295,"z":0.0006930828094482422},"rotation":{"x":-0.5817403197288513,"y":-0.03509412705898285,"z":0.025283746421337129,"w":-0.8126271963119507},"size":1.5572783946990967,"orthographic":false}